/mnt/f/OneDrive/文档（科研）/脚本/Download/17-Orthologous-genes/1-HMM/data/2-HMM库/LolD.hmm	/mnt/f/OneDrive/文档（科研）/脚本/Download/17-Orthologous-genes/1-HMM/data/3-样本序列/GCA_000351625.1_Esch_coli_KTE66_V1_genomic.faa
/mnt/f/OneDrive/文档（科研）/脚本/Download/17-Orthologous-genes/1-HMM/data/2-HMM库/LolD.hmm	/mnt/f/OneDrive/文档（科研）/脚本/Download/17-Orthologous-genes/1-HMM/data/3-样本序列/GCA_000408385.1_Esch_coli_KTE68_V1_genomic.faa
/mnt/f/OneDrive/文档（科研）/脚本/Download/17-Orthologous-genes/1-HMM/data/2-HMM库/LolD.hmm	/mnt/f/OneDrive/文档（科研）/脚本/Download/17-Orthologous-genes/1-HMM/data/3-样本序列/GCA_000413415.1_Myro_odor_CCUG_12700_V1_genomic.faa
/mnt/f/OneDrive/文档（科研）/脚本/Download/17-Orthologous-genes/1-HMM/data/2-HMM库/LolD.hmm	/mnt/f/OneDrive/文档（科研）/脚本/Download/17-Orthologous-genes/1-HMM/data/3-样本序列/GCA_000635255.1_De_novo_assembly_of_single-cell_genomes_genomic.faa
/mnt/f/OneDrive/文档（科研）/脚本/Download/17-Orthologous-genes/1-HMM/data/2-HMM库/LolD.hmm	/mnt/f/OneDrive/文档（科研）/脚本/Download/17-Orthologous-genes/1-HMM/data/3-样本序列/GCA_000656455.1_Myco_tube_UT0014_V1_genomic.faa
/mnt/f/OneDrive/文档（科研）/脚本/Download/17-Orthologous-genes/1-HMM/data/2-HMM库/LolD.hmm	/mnt/f/OneDrive/文档（科研）/脚本/Download/17-Orthologous-genes/1-HMM/data/3-样本序列/GCA_000789835.1_AZPAE14851_genomic.faa
/mnt/f/OneDrive/文档（科研）/脚本/Download/17-Orthologous-genes/1-HMM/data/2-HMM库/LolD.hmm	/mnt/f/OneDrive/文档（科研）/脚本/Download/17-Orthologous-genes/1-HMM/data/3-样本序列/GCA_000795605.1_AZPAE14710_genomic.faa
/mnt/f/OneDrive/文档（科研）/脚本/Download/17-Orthologous-genes/1-HMM/data/2-HMM库/LolD.hmm	/mnt/f/OneDrive/文档（科研）/脚本/Download/17-Orthologous-genes/1-HMM/data/3-样本序列/GCA_000797395.1_AZPAE13756_genomic.faa
/mnt/f/OneDrive/文档（科研）/脚本/Download/17-Orthologous-genes/1-HMM/data/2-HMM库/LolD.hmm	/mnt/f/OneDrive/文档（科研）/脚本/Download/17-Orthologous-genes/1-HMM/data/3-样本序列/GCA_000811165.3_ASM81116v3_genomic.faa
/mnt/f/OneDrive/文档（科研）/脚本/Download/17-Orthologous-genes/1-HMM/data/2-HMM库/LolD.hmm	/mnt/f/OneDrive/文档（科研）/脚本/Download/17-Orthologous-genes/1-HMM/data/3-样本序列/GCA_000820865.2_Bacillus_saudimassiliensis_JCA_genomic.faa
/mnt/f/OneDrive/文档（科研）/脚本/Download/17-Orthologous-genes/1-HMM/data/2-HMM库/LolD.hmm	/mnt/f/OneDrive/文档（科研）/脚本/Download/17-Orthologous-genes/1-HMM/data/3-样本序列/GCA_000825945.1_Bangui-IP-6_genomic.faa
/mnt/f/OneDrive/文档（科研）/脚本/Download/17-Orthologous-genes/1-HMM/data/2-HMM库/LolD.hmm	/mnt/f/OneDrive/文档（科研）/脚本/Download/17-Orthologous-genes/1-HMM/data/3-样本序列/GCA_000828305.1_ASM82830v1_genomic.faa
/mnt/f/OneDrive/文档（科研）/脚本/Download/17-Orthologous-genes/1-HMM/data/2-HMM库/LolD.hmm	/mnt/f/OneDrive/文档（科研）/脚本/Download/17-Orthologous-genes/1-HMM/data/3-样本序列/GCA_000973085.1_ASM97308v1_genomic.faa
/mnt/f/OneDrive/文档（科研）/脚本/Download/17-Orthologous-genes/1-HMM/data/2-HMM库/LolD.hmm	/mnt/f/OneDrive/文档（科研）/脚本/Download/17-Orthologous-genes/1-HMM/data/3-样本序列/GCA_001198735.1_6755_2_17_genomic.faa
/mnt/f/OneDrive/文档（科研）/脚本/Download/17-Orthologous-genes/1-HMM/data/2-HMM库/LolD.hmm	/mnt/f/OneDrive/文档（科研）/脚本/Download/17-Orthologous-genes/1-HMM/data/3-样本序列/GCA_001201675.1_6753_3_17_genomic.faa
/mnt/f/OneDrive/文档（科研）/脚本/Download/17-Orthologous-genes/1-HMM/data/2-HMM库/LolD.hmm	/mnt/f/OneDrive/文档（科研）/脚本/Download/17-Orthologous-genes/1-HMM/data/3-样本序列/GCA_001270235.1_ASM127023v1_genomic.faa
/mnt/f/OneDrive/文档（科研）/脚本/Download/17-Orthologous-genes/1-HMM/data/2-HMM库/LolD.hmm	/mnt/f/OneDrive/文档（科研）/脚本/Download/17-Orthologous-genes/1-HMM/data/3-样本序列/GCA_001336215.1_6649_8_20_genomic.faa
/mnt/f/OneDrive/文档（科研）/脚本/Download/17-Orthologous-genes/1-HMM/data/2-HMM库/LolD.hmm	/mnt/f/OneDrive/文档（科研）/脚本/Download/17-Orthologous-genes/1-HMM/data/3-样本序列/GCA_001464585.1_Gammaproteobacteria_bacterium_Ga0077554_genomic.faa
/mnt/f/OneDrive/文档（科研）/脚本/Download/17-Orthologous-genes/1-HMM/data/2-HMM库/LolD.hmm	/mnt/f/OneDrive/文档（科研）/脚本/Download/17-Orthologous-genes/1-HMM/data/3-样本序列/GCA_001576205.1_ASM157620v1_genomic.faa
/mnt/f/OneDrive/文档（科研）/脚本/Download/17-Orthologous-genes/1-HMM/data/2-HMM库/LolD.hmm	/mnt/f/OneDrive/文档（科研）/脚本/Download/17-Orthologous-genes/1-HMM/data/3-样本序列/GCA_001672855.1_ASM167285v1_genomic.faa
/mnt/f/OneDrive/文档（科研）/脚本/Download/17-Orthologous-genes/1-HMM/data/2-HMM库/LolD.hmm	/mnt/f/OneDrive/文档（科研）/脚本/Download/17-Orthologous-genes/1-HMM/data/3-样本序列/GCA_001869765.1_ASM186976v1_genomic.faa
/mnt/f/OneDrive/文档（科研）/脚本/Download/17-Orthologous-genes/1-HMM/data/2-HMM库/LolD.hmm	/mnt/f/OneDrive/文档（科研）/脚本/Download/17-Orthologous-genes/1-HMM/data/3-样本序列/GCA_002044645.1_ASM204464v1_genomic.faa
/mnt/f/OneDrive/文档（科研）/脚本/Download/17-Orthologous-genes/1-HMM/data/2-HMM库/LolD.hmm	/mnt/f/OneDrive/文档（科研）/脚本/Download/17-Orthologous-genes/1-HMM/data/3-样本序列/GCA_002070905.1_ASM207090v1_genomic.faa
/mnt/f/OneDrive/文档（科研）/脚本/Download/17-Orthologous-genes/1-HMM/data/2-HMM库/LolD.hmm	/mnt/f/OneDrive/文档（科研）/脚本/Download/17-Orthologous-genes/1-HMM/data/3-样本序列/GCA_002098335.1_ASM209833v1_genomic.faa
/mnt/f/OneDrive/文档（科研）/脚本/Download/17-Orthologous-genes/1-HMM/data/2-HMM库/LolD.hmm	/mnt/f/OneDrive/文档（科研）/脚本/Download/17-Orthologous-genes/1-HMM/data/3-样本序列/GCA_002201815.1_ASM220181v1_genomic.faa
/mnt/f/OneDrive/文档（科研）/脚本/Download/17-Orthologous-genes/1-HMM/data/2-HMM库/LolD.hmm	/mnt/f/OneDrive/文档（科研）/脚本/Download/17-Orthologous-genes/1-HMM/data/3-样本序列/GCA_002220885.1_ASM222088v1_genomic.faa
/mnt/f/OneDrive/文档（科研）/脚本/Download/17-Orthologous-genes/1-HMM/data/2-HMM库/LolD.hmm	/mnt/f/OneDrive/文档（科研）/脚本/Download/17-Orthologous-genes/1-HMM/data/3-样本序列/GCA_002247505.1_ASM224750v1_genomic.faa
/mnt/f/OneDrive/文档（科研）/脚本/Download/17-Orthologous-genes/1-HMM/data/2-HMM库/LolD.hmm	/mnt/f/OneDrive/文档（科研）/脚本/Download/17-Orthologous-genes/1-HMM/data/3-样本序列/GCA_002291925.1_ASM229192v1_genomic.faa
/mnt/f/OneDrive/文档（科研）/脚本/Download/17-Orthologous-genes/1-HMM/data/2-HMM库/LolD.hmm	/mnt/f/OneDrive/文档（科研）/脚本/Download/17-Orthologous-genes/1-HMM/data/3-样本序列/GCA_002326875.1_ASM232687v1_genomic.faa
/mnt/f/OneDrive/文档（科研）/脚本/Download/17-Orthologous-genes/1-HMM/data/2-HMM库/LolD.hmm	/mnt/f/OneDrive/文档（科研）/脚本/Download/17-Orthologous-genes/1-HMM/data/3-样本序列/GCA_002342325.1_ASM234232v1_genomic.faa
/mnt/f/OneDrive/文档（科研）/脚本/Download/17-Orthologous-genes/1-HMM/data/2-HMM库/LolD.hmm	/mnt/f/OneDrive/文档（科研）/脚本/Download/17-Orthologous-genes/1-HMM/data/3-样本序列/GCA_002464245.1_ASM246424v1_genomic.faa
/mnt/f/OneDrive/文档（科研）/脚本/Download/17-Orthologous-genes/1-HMM/data/2-HMM库/LolD.hmm	/mnt/f/OneDrive/文档（科研）/脚本/Download/17-Orthologous-genes/1-HMM/data/3-样本序列/GCA_002703345.1_ASM270334v1_genomic.faa
/mnt/f/OneDrive/文档（科研）/脚本/Download/17-Orthologous-genes/1-HMM/data/2-HMM库/LolD.hmm	/mnt/f/OneDrive/文档（科研）/脚本/Download/17-Orthologous-genes/1-HMM/data/3-样本序列/GCA_002732975.1_ASM273297v1_genomic.faa
/mnt/f/OneDrive/文档（科研）/脚本/Download/17-Orthologous-genes/1-HMM/data/2-HMM库/LolD.hmm	/mnt/f/OneDrive/文档（科研）/脚本/Download/17-Orthologous-genes/1-HMM/data/3-样本序列/GCA_002753015.1_ASM275301v1_genomic.faa
/mnt/f/OneDrive/文档（科研）/脚本/Download/17-Orthologous-genes/1-HMM/data/2-HMM库/lolF.hmm	/mnt/f/OneDrive/文档（科研）/脚本/Download/17-Orthologous-genes/1-HMM/data/3-样本序列/GCA_000351625.1_Esch_coli_KTE66_V1_genomic.faa
/mnt/f/OneDrive/文档（科研）/脚本/Download/17-Orthologous-genes/1-HMM/data/2-HMM库/lolF.hmm	/mnt/f/OneDrive/文档（科研）/脚本/Download/17-Orthologous-genes/1-HMM/data/3-样本序列/GCA_000408385.1_Esch_coli_KTE68_V1_genomic.faa
/mnt/f/OneDrive/文档（科研）/脚本/Download/17-Orthologous-genes/1-HMM/data/2-HMM库/lolF.hmm	/mnt/f/OneDrive/文档（科研）/脚本/Download/17-Orthologous-genes/1-HMM/data/3-样本序列/GCA_000413415.1_Myro_odor_CCUG_12700_V1_genomic.faa
/mnt/f/OneDrive/文档（科研）/脚本/Download/17-Orthologous-genes/1-HMM/data/2-HMM库/lolF.hmm	/mnt/f/OneDrive/文档（科研）/脚本/Download/17-Orthologous-genes/1-HMM/data/3-样本序列/GCA_000635255.1_De_novo_assembly_of_single-cell_genomes_genomic.faa
/mnt/f/OneDrive/文档（科研）/脚本/Download/17-Orthologous-genes/1-HMM/data/2-HMM库/lolF.hmm	/mnt/f/OneDrive/文档（科研）/脚本/Download/17-Orthologous-genes/1-HMM/data/3-样本序列/GCA_000656455.1_Myco_tube_UT0014_V1_genomic.faa
/mnt/f/OneDrive/文档（科研）/脚本/Download/17-Orthologous-genes/1-HMM/data/2-HMM库/lolF.hmm	/mnt/f/OneDrive/文档（科研）/脚本/Download/17-Orthologous-genes/1-HMM/data/3-样本序列/GCA_000789835.1_AZPAE14851_genomic.faa
/mnt/f/OneDrive/文档（科研）/脚本/Download/17-Orthologous-genes/1-HMM/data/2-HMM库/lolF.hmm	/mnt/f/OneDrive/文档（科研）/脚本/Download/17-Orthologous-genes/1-HMM/data/3-样本序列/GCA_000795605.1_AZPAE14710_genomic.faa
/mnt/f/OneDrive/文档（科研）/脚本/Download/17-Orthologous-genes/1-HMM/data/2-HMM库/lolF.hmm	/mnt/f/OneDrive/文档（科研）/脚本/Download/17-Orthologous-genes/1-HMM/data/3-样本序列/GCA_000797395.1_AZPAE13756_genomic.faa
/mnt/f/OneDrive/文档（科研）/脚本/Download/17-Orthologous-genes/1-HMM/data/2-HMM库/lolF.hmm	/mnt/f/OneDrive/文档（科研）/脚本/Download/17-Orthologous-genes/1-HMM/data/3-样本序列/GCA_000811165.3_ASM81116v3_genomic.faa
/mnt/f/OneDrive/文档（科研）/脚本/Download/17-Orthologous-genes/1-HMM/data/2-HMM库/lolF.hmm	/mnt/f/OneDrive/文档（科研）/脚本/Download/17-Orthologous-genes/1-HMM/data/3-样本序列/GCA_000820865.2_Bacillus_saudimassiliensis_JCA_genomic.faa
/mnt/f/OneDrive/文档（科研）/脚本/Download/17-Orthologous-genes/1-HMM/data/2-HMM库/lolF.hmm	/mnt/f/OneDrive/文档（科研）/脚本/Download/17-Orthologous-genes/1-HMM/data/3-样本序列/GCA_000825945.1_Bangui-IP-6_genomic.faa
/mnt/f/OneDrive/文档（科研）/脚本/Download/17-Orthologous-genes/1-HMM/data/2-HMM库/lolF.hmm	/mnt/f/OneDrive/文档（科研）/脚本/Download/17-Orthologous-genes/1-HMM/data/3-样本序列/GCA_000828305.1_ASM82830v1_genomic.faa
/mnt/f/OneDrive/文档（科研）/脚本/Download/17-Orthologous-genes/1-HMM/data/2-HMM库/lolF.hmm	/mnt/f/OneDrive/文档（科研）/脚本/Download/17-Orthologous-genes/1-HMM/data/3-样本序列/GCA_000973085.1_ASM97308v1_genomic.faa
/mnt/f/OneDrive/文档（科研）/脚本/Download/17-Orthologous-genes/1-HMM/data/2-HMM库/lolF.hmm	/mnt/f/OneDrive/文档（科研）/脚本/Download/17-Orthologous-genes/1-HMM/data/3-样本序列/GCA_001198735.1_6755_2_17_genomic.faa
/mnt/f/OneDrive/文档（科研）/脚本/Download/17-Orthologous-genes/1-HMM/data/2-HMM库/lolF.hmm	/mnt/f/OneDrive/文档（科研）/脚本/Download/17-Orthologous-genes/1-HMM/data/3-样本序列/GCA_001201675.1_6753_3_17_genomic.faa
/mnt/f/OneDrive/文档（科研）/脚本/Download/17-Orthologous-genes/1-HMM/data/2-HMM库/lolF.hmm	/mnt/f/OneDrive/文档（科研）/脚本/Download/17-Orthologous-genes/1-HMM/data/3-样本序列/GCA_001270235.1_ASM127023v1_genomic.faa
/mnt/f/OneDrive/文档（科研）/脚本/Download/17-Orthologous-genes/1-HMM/data/2-HMM库/lolF.hmm	/mnt/f/OneDrive/文档（科研）/脚本/Download/17-Orthologous-genes/1-HMM/data/3-样本序列/GCA_001336215.1_6649_8_20_genomic.faa
/mnt/f/OneDrive/文档（科研）/脚本/Download/17-Orthologous-genes/1-HMM/data/2-HMM库/lolF.hmm	/mnt/f/OneDrive/文档（科研）/脚本/Download/17-Orthologous-genes/1-HMM/data/3-样本序列/GCA_001464585.1_Gammaproteobacteria_bacterium_Ga0077554_genomic.faa
/mnt/f/OneDrive/文档（科研）/脚本/Download/17-Orthologous-genes/1-HMM/data/2-HMM库/lolF.hmm	/mnt/f/OneDrive/文档（科研）/脚本/Download/17-Orthologous-genes/1-HMM/data/3-样本序列/GCA_001576205.1_ASM157620v1_genomic.faa
/mnt/f/OneDrive/文档（科研）/脚本/Download/17-Orthologous-genes/1-HMM/data/2-HMM库/lolF.hmm	/mnt/f/OneDrive/文档（科研）/脚本/Download/17-Orthologous-genes/1-HMM/data/3-样本序列/GCA_001672855.1_ASM167285v1_genomic.faa
/mnt/f/OneDrive/文档（科研）/脚本/Download/17-Orthologous-genes/1-HMM/data/2-HMM库/lolF.hmm	/mnt/f/OneDrive/文档（科研）/脚本/Download/17-Orthologous-genes/1-HMM/data/3-样本序列/GCA_001869765.1_ASM186976v1_genomic.faa
/mnt/f/OneDrive/文档（科研）/脚本/Download/17-Orthologous-genes/1-HMM/data/2-HMM库/lolF.hmm	/mnt/f/OneDrive/文档（科研）/脚本/Download/17-Orthologous-genes/1-HMM/data/3-样本序列/GCA_002044645.1_ASM204464v1_genomic.faa
/mnt/f/OneDrive/文档（科研）/脚本/Download/17-Orthologous-genes/1-HMM/data/2-HMM库/lolF.hmm	/mnt/f/OneDrive/文档（科研）/脚本/Download/17-Orthologous-genes/1-HMM/data/3-样本序列/GCA_002070905.1_ASM207090v1_genomic.faa
/mnt/f/OneDrive/文档（科研）/脚本/Download/17-Orthologous-genes/1-HMM/data/2-HMM库/lolF.hmm	/mnt/f/OneDrive/文档（科研）/脚本/Download/17-Orthologous-genes/1-HMM/data/3-样本序列/GCA_002098335.1_ASM209833v1_genomic.faa
/mnt/f/OneDrive/文档（科研）/脚本/Download/17-Orthologous-genes/1-HMM/data/2-HMM库/lolF.hmm	/mnt/f/OneDrive/文档（科研）/脚本/Download/17-Orthologous-genes/1-HMM/data/3-样本序列/GCA_002201815.1_ASM220181v1_genomic.faa
/mnt/f/OneDrive/文档（科研）/脚本/Download/17-Orthologous-genes/1-HMM/data/2-HMM库/lolF.hmm	/mnt/f/OneDrive/文档（科研）/脚本/Download/17-Orthologous-genes/1-HMM/data/3-样本序列/GCA_002220885.1_ASM222088v1_genomic.faa
/mnt/f/OneDrive/文档（科研）/脚本/Download/17-Orthologous-genes/1-HMM/data/2-HMM库/lolF.hmm	/mnt/f/OneDrive/文档（科研）/脚本/Download/17-Orthologous-genes/1-HMM/data/3-样本序列/GCA_002247505.1_ASM224750v1_genomic.faa
/mnt/f/OneDrive/文档（科研）/脚本/Download/17-Orthologous-genes/1-HMM/data/2-HMM库/lolF.hmm	/mnt/f/OneDrive/文档（科研）/脚本/Download/17-Orthologous-genes/1-HMM/data/3-样本序列/GCA_002291925.1_ASM229192v1_genomic.faa
/mnt/f/OneDrive/文档（科研）/脚本/Download/17-Orthologous-genes/1-HMM/data/2-HMM库/lolF.hmm	/mnt/f/OneDrive/文档（科研）/脚本/Download/17-Orthologous-genes/1-HMM/data/3-样本序列/GCA_002326875.1_ASM232687v1_genomic.faa
/mnt/f/OneDrive/文档（科研）/脚本/Download/17-Orthologous-genes/1-HMM/data/2-HMM库/lolF.hmm	/mnt/f/OneDrive/文档（科研）/脚本/Download/17-Orthologous-genes/1-HMM/data/3-样本序列/GCA_002342325.1_ASM234232v1_genomic.faa
/mnt/f/OneDrive/文档（科研）/脚本/Download/17-Orthologous-genes/1-HMM/data/2-HMM库/lolF.hmm	/mnt/f/OneDrive/文档（科研）/脚本/Download/17-Orthologous-genes/1-HMM/data/3-样本序列/GCA_002464245.1_ASM246424v1_genomic.faa
/mnt/f/OneDrive/文档（科研）/脚本/Download/17-Orthologous-genes/1-HMM/data/2-HMM库/lolF.hmm	/mnt/f/OneDrive/文档（科研）/脚本/Download/17-Orthologous-genes/1-HMM/data/3-样本序列/GCA_002703345.1_ASM270334v1_genomic.faa
/mnt/f/OneDrive/文档（科研）/脚本/Download/17-Orthologous-genes/1-HMM/data/2-HMM库/lolF.hmm	/mnt/f/OneDrive/文档（科研）/脚本/Download/17-Orthologous-genes/1-HMM/data/3-样本序列/GCA_002732975.1_ASM273297v1_genomic.faa
/mnt/f/OneDrive/文档（科研）/脚本/Download/17-Orthologous-genes/1-HMM/data/2-HMM库/lolF.hmm	/mnt/f/OneDrive/文档（科研）/脚本/Download/17-Orthologous-genes/1-HMM/data/3-样本序列/GCA_002753015.1_ASM275301v1_genomic.faa
