tax_id,Org_name,GeneID,CurrentID,Status,Symbol,Aliases,description,other_designations,map_location,chromosome,genomic_nucleotide_accession.version,start_position_on_the_genomic_accession,end_position_on_the_genomic_accession,orientation,exon_count,OMIM,
511145,Escherichia coli str. K-12 substr. MG1655,945673,0,live,lolC,"b1116, ECK1102, ycfU",lipoprotein release complex - inner membrane subunit,lipoprotein release complex - inner membrane subunit,,,NC_000913.3,1175427,1176626,plus,0,,
29471,Pectobacterium atrosepticum,57209468,0,live,lolC,"GZ59_RS13380, GZ59_27800",lipoprotein-releasing ABC transporter permease subunit LolC,lipoprotein-releasing ABC transporter permease subunit LolC,,,,,,,,,
768492,Serratia plymuthica AS9,57666747,0,live,lolC,"SERAS9_RS09840, SerAS9_1952",lipoprotein-releasing ABC transporter permease subunit LolC,lipoprotein-releasing ABC transporter permease subunit LolC,,,NC_015567.1,2105268,2106470,plus,0,,
29486,Yersinia ruckeri,66879202,0,live,lolC,"YR821_RS06895, YR821_1417",lipoprotein-releasing ABC transporter permease subunit LolC,lipoprotein-releasing ABC transporter permease subunit LolC,,,,,,,,,
1263550,Edwardsiella piscicida,72528876,0,live,lolC,"L1P05_RS09900, L1P05_09900",lipoprotein-releasing ABC transporter permease subunit LolC,lipoprotein-releasing ABC transporter permease subunit LolC,,,,,,,,,
549,Pantoea agglomerans,66826278,0,live,lolC,"I6L77_RS13840, I6L77_13840",lipoprotein-releasing ABC transporter permease subunit LolC,lipoprotein-releasing ABC transporter permease subunit LolC,,,,,,,,,
572265,Candidatus Hamiltonella defensa 5AT (Acyrthosiphon pisum),66260060,0,live,lolC,"HDEF_RS00730, HDEF_0122",lipoprotein-releasing ABC transporter permease subunit LolC,lipoprotein-releasing ABC transporter permease subunit LolC,,,NC_012751.1,127457,128659,plus,0,,
180957,Pectobacterium brasiliense,57244820,0,live,lolC,"GT391_RS19830, GT391_19830",lipoprotein-releasing ABC transporter permease subunit LolC,lipoprotein-releasing ABC transporter permease subunit LolC,,,,,,,,,
2587529,Klebsiella pasteurii,77224717,0,live,lolC,"KCG39_RS02075, KCG39_02075",lipoprotein-releasing ABC transporter permease subunit LolC,lipoprotein-releasing ABC transporter permease subunit LolC,,,,,,,,,
622,Shigella dysenteriae,75171240,0,live,lolC,"HUZ68_RS09600, HUZ68_09515",lipoprotein-releasing ABC transporter permease subunit LolC,lipoprotein-releasing ABC transporter permease subunit LolC,,,,,,,,,
546367,Hafnia paralvei,69638498,0,live,lolC,"K9N75_RS10625, K9N75_10625",lipoprotein-releasing ABC transporter permease subunit LolC,lipoprotein-releasing ABC transporter permease subunit LolC,,,,,,,,,
300181,Serratia ureilytica,64308684,0,live,lolC,"J0X03_RS13860, J0X03_13860",lipoprotein-releasing ABC transporter permease subunit LolC,lipoprotein-releasing ABC transporter permease subunit LolC,,,,,,,,,
349966,Yersinia frederiksenii ATCC 33641,57906297,0,live,lolC,"DJ58_RS14775, DJ58_2549",lipoprotein-releasing ABC transporter permease subunit LolC,lipoprotein-releasing ABC transporter permease subunit LolC,,,,,,,,,
1095774,Pantoea ananatis PA13,57268689,0,live,lolC,"PAGR_RS13465, PAGR_g2641",lipoprotein-releasing ABC transporter permease subunit LolC,lipoprotein-releasing ABC transporter permease subunit LolC,,,NC_017554.1,2860422,2861621,minus,0,,
529507,Proteus mirabilis HI4320,6801740,0,live,lolC,"PMI_RS04310, PMI0878",lipoprotein-releasing ABC transporter permease subunit LolC,lipoprotein-releasing ABC transporter permease subunit LolC,,,NC_010554.1,968901,970103,plus,0,,
564,Escherichia fergusonii,75057675,0,live,lolC,"LA347_RS07645, LA347_07645",lipoprotein-releasing ABC transporter permease subunit LolC,lipoprotein-releasing ABC transporter permease subunit LolC,,,,,,,,,
631,Yersinia intermedia,58047737,0,live,lolC,"FOC38_RS12400, FOC38_12400",lipoprotein-releasing ABC transporter permease subunit LolC,lipoprotein-releasing ABC transporter permease subunit LolC,,,,,,,,,
1035377,Yersinia pestis A1122,57976947,0,live,lolC,"A1122_RS17840, A1122_17755",lipoprotein-releasing ABC transporter permease subunit LolC,lipoprotein-releasing ABC transporter permease subunit LolC,,,NC_017168.1,3807380,3808582,minus,0,,
1159491,Cronobacter malonaticus LMG 23826,45715942,0,live,lolC,"AFK66_RS11460, AFK66_011890",lipoprotein-releasing ABC transporter permease subunit LolC,lipoprotein-releasing ABC transporter permease subunit LolC,,,,,,,,,
29485,Yersinia rohdei,45566250,0,live,lolC,"CH64_RS04470, CH64_912",lipoprotein-releasing ABC transporter permease subunit LolC,lipoprotein-releasing ABC transporter permease subunit LolC,,,,,,,,,
28172,Vibrio metschnikovii,79888144,0,live,lolC,"DYH36_RS08075, NCTC8443_01662",lipoprotein-releasing ABC transporter permease subunit LolC,lipoprotein-releasing ABC transporter permease subunit LolC,,,,,,,,,
621,Shigella boydii,75203702,0,live,lolC,"CEH00_RS09480, CEH00_09530",lipoprotein-releasing ABC transporter permease subunit LolC,lipoprotein-releasing ABC transporter permease subunit LolC,,,,,,,,,
67780,Edwardsiella ictaluri,69539265,0,live,lolC,"DB741_RS10710, DB741_10710",lipoprotein-releasing ABC transporter permease subunit LolC,lipoprotein-releasing ABC transporter permease subunit LolC,,,,,,,,,
1201031,Pectobacterium aroidearum,67794475,0,live,lolC,"I2D83_RS13220, I2D83_13225",lipoprotein-releasing ABC transporter permease subunit LolC,lipoprotein-releasing ABC transporter permease subunit LolC,,,,,,,,,
283686,Kosakonia radicincitans,66393059,0,live,lolC,"FEI17_RS16125, FEI17_16115",lipoprotein-releasing ABC transporter permease subunit LolC,lipoprotein-releasing ABC transporter permease subunit LolC,,,,,,,,,
28152,Yersinia kristensenii,61908314,0,live,lolC,"DX162_RS18450, NCTC11471_03646",lipoprotein-releasing ABC transporter permease subunit LolC,lipoprotein-releasing ABC transporter permease subunit LolC,,,,,,,,,
204042,Dickeya zeae,60868819,0,live,lolC,"C1O30_RS12955, C1O30_12955",lipoprotein-releasing ABC transporter permease subunit LolC,lipoprotein-releasing ABC transporter permease subunit LolC,,,,,,,,,
349967,Yersinia mollaretii ATCC 43969,57919562,0,live,lolC,"HRD69_RS17205, HRD69_17205",lipoprotein-releasing ABC transporter permease subunit LolC,lipoprotein-releasing ABC transporter permease subunit LolC,,,,,,,,,
47951,Vibrio cyclitrophicus,50230460,0,live,lolC,"FAZ90_RS09865, FAZ90_09865",lipoprotein-releasing ABC transporter permease subunit LolC,lipoprotein-releasing ABC transporter permease subunit LolC,,1,,,,,,,
1604335,Yersinia rochesterensis,82551497,0,live,lolC,"DXZ79_RS12100, DXZ79_12085",lipoprotein-releasing ABC transporter permease subunit LolC,lipoprotein-releasing ABC transporter permease subunit LolC,,,,,,,,,
136468,Vibrio lentus,69649506,0,live,lolC,"BCT95_RS10145, BCT95_010080",lipoprotein-releasing ABC transporter permease subunit LolC,lipoprotein-releasing ABC transporter permease subunit LolC,,,,,,,,,
223926,Vibrio parahaemolyticus RIMD 2210633,1188481,0,live,lolC,"VP_RS04775, VP0977",lipoprotein-releasing ABC transporter permease subunit LolC,lipoprotein-releasing ABC transporter permease subunit LolC,,1,NC_004603.1,1019147,1020355,plus,0,,
299767,Enterobacter ludwigii,45814809,0,live,lolC,"BH714_RS04650, BH714_04650",lipoprotein-releasing ABC transporter permease subunit LolC,lipoprotein-releasing ABC transporter permease subunit LolC,,,,,,,,,
208223,Kosakonia cowanii,77484213,0,live,lolC,ODS25_RS13315,lipoprotein-releasing ABC transporter permease subunit LolC,lipoprotein-releasing ABC transporter permease subunit LolC,,,,,,,,,
61647,Pluralibacter gergoviae,61384610,0,live,lolC,"A8H26_RS15020, A8H26_15000",lipoprotein-releasing ABC transporter permease subunit LolC,lipoprotein-releasing ABC transporter permease subunit LolC,,,,,,,,,
626774,Proteus terrae subsp. cibarius,57332587,0,live,lolC,"GTH25_RS07065, GTH25_07010",lipoprotein-releasing ABC transporter permease subunit LolC,lipoprotein-releasing ABC transporter permease subunit LolC,,,,,,,,,
663,Vibrio alginolyticus,75168281,0,live,lolC,"NAL94_RS18720, NAL94_18725",lipoprotein-releasing ABC transporter permease subunit LolC,lipoprotein-releasing ABC transporter permease subunit LolC,,2,,,,,,,
1778540,Dickeya fangzhongdai,66565390,0,live,lolC,"CVE23_RS13735, CVE23_13735",lipoprotein-releasing ABC transporter permease subunit LolC,lipoprotein-releasing ABC transporter permease subunit LolC,,,,,,,,,
263819,Yersinia aleksiciae,61901903,0,live,lolC,"AP371_RS06730, ERS008671_01392",lipoprotein-releasing ABC transporter permease subunit LolC,lipoprotein-releasing ABC transporter permease subunit LolC,,,,,,,,,
2042057,Pectobacterium polaris,61408500,0,live,lolC,"BJK05_RS08000, BJK05_07695",lipoprotein-releasing ABC transporter permease subunit LolC,lipoprotein-releasing ABC transporter permease subunit LolC,,,,,,,,,
204039,Dickeya dianthicola,49322540,0,live,lolC,"DZA65_RS13525, DZA65_02635",lipoprotein-releasing ABC transporter permease subunit LolC,lipoprotein-releasing ABC transporter permease subunit LolC,,,,,,,,,
1812935,Enterobacter roggenkampii,45795332,0,live,lolC,"BFV67_RS08240, BFV67_08240",lipoprotein-releasing ABC transporter permease subunit LolC,lipoprotein-releasing ABC transporter permease subunit LolC,,,,,,,,,
2071710,Enterobacter sichuanensis,72831603,0,live,lolC,"C1N69_RS08730, C1N69_08825",lipoprotein-releasing ABC transporter permease subunit LolC,lipoprotein-releasing ABC transporter permease subunit LolC,,,,,,,,,
1748967,Citrobacter cronae,69430761,0,live,lolC,JSN25_RS14085,lipoprotein-releasing ABC transporter permease subunit LolC,lipoprotein-releasing ABC transporter permease subunit LolC,,,,,,,,,
2494701,Enterobacter chengduensis,63141984,0,live,lolC,"FY206_RS10090, FY206_10090",lipoprotein-releasing ABC transporter permease subunit LolC,lipoprotein-releasing ABC transporter permease subunit LolC,,,,,,,,,
190895,Vibrio rotiferianus,47657241,0,live,lolC,"BSZ04_RS18540, BSZ04_18305",lipoprotein-releasing ABC transporter permease subunit LolC,lipoprotein-releasing ABC transporter permease subunit LolC,,2,,,,,,,
667120,Edwardsiella anguillarum ET080813,33937894,0,live,lolC,"ETEE_RS00250, ETEE_0054",lipoprotein-releasing ABC transporter permease subunit LolC,lipoprotein-releasing ABC transporter permease subunit LolC,,,,,,,,,
1196095,Gilliamella apicola,29849625,0,live,lolC,"GAPWK_RS07795, GAPWK_1553",lipoprotein-releasing ABC transporter permease subunit LolC,lipoprotein-releasing ABC transporter permease subunit LolC,,,,,,,,,
170679,Vibrio chagasii,77340890,0,live,lolC,OCV52_RS05195,lipoprotein-releasing ABC transporter permease subunit LolC,lipoprotein-releasing ABC transporter permease subunit LolC,,1,,,,,,,
212663,Vibrio tasmaniensis,77316702,0,live,lolC,OCV44_RS09550,lipoprotein-releasing ABC transporter permease subunit LolC,lipoprotein-releasing ABC transporter permease subunit LolC,,1,,,,,,,
1159554,Cronobacter dublinensis subsp. dublinensis LMG 23823,45666325,0,live,lolC,"AFK67_RS08075, AFK67_08075",lipoprotein-releasing ABC transporter permease subunit LolC,lipoprotein-releasing ABC transporter permease subunit LolC,,,,,,,,,
1453495,Yersinia aldovae 670-83,45570092,0,live,lolC,"AT01_RS04275, AT01_868",lipoprotein-releasing ABC transporter permease subunit LolC,lipoprotein-releasing ABC transporter permease subunit LolC,,,,,,,,,
28171,Vibrio aestuarianus,79917783,0,live,lolC,"MCT08_RS10305, MCT08_10295",lipoprotein-releasing ABC transporter permease subunit LolC,lipoprotein-releasing ABC transporter permease subunit LolC,,,,,,,,,
158849,Moellerella wisconsensis,79717470,0,live,lolC,"MNY66_RS09320, MNY66_09320",lipoprotein-releasing ABC transporter permease subunit LolC,lipoprotein-releasing ABC transporter permease subunit LolC,,,,,,,,,
82983,Obesumbacterium proteus,78449559,0,live,lolC,"XK97_RS03635, XK97_03625",lipoprotein-releasing ABC transporter permease subunit LolC,lipoprotein-releasing ABC transporter permease subunit LolC,,,,,,,,,
41202,Ewingella americana,78380530,0,live,lolC,"F4W05_RS08650, F4W05_08650",lipoprotein-releasing ABC transporter permease subunit LolC,lipoprotein-releasing ABC transporter permease subunit LolC,,,,,,,,,
2364647,Pantoea piersonii,78232527,0,live,lolC,"D7S44_RS03535, D7S44_03535",lipoprotein-releasing ABC transporter permease subunit LolC,lipoprotein-releasing ABC transporter permease subunit LolC,,,,,,,,,
300876,Vibrio europaeus,78075364,0,live,lolC,"AZ468_RS07040, AZ468_06665",lipoprotein-releasing ABC transporter permease subunit LolC,lipoprotein-releasing ABC transporter permease subunit LolC,,1,,,,,,,
102862,Proteus penneri,76522574,0,live,lolC,H1225_RS04905,lipoprotein-releasing ABC transporter permease subunit LolC,lipoprotein-releasing ABC transporter permease subunit LolC,,,,,,,,,
82995,Serratia grimesii,75281802,0,live,lolC,"SGBXF1_RS10090, SGBXF1_02031",lipoprotein-releasing ABC transporter permease subunit LolC,lipoprotein-releasing ABC transporter permease subunit LolC,,1,,,,,,,
2890317,Yersinia alsatica,75140731,0,live,lolC,"N0H69_RS11990, N0H69_11990",lipoprotein-releasing ABC transporter permease subunit LolC,lipoprotein-releasing ABC transporter permease subunit LolC,,,,,,,,,
61645,Enterobacter asburiae,75133292,0,live,lolC,"FOY94_RS08490, EAS17NKHM_016240",lipoprotein-releasing ABC transporter permease subunit LolC,lipoprotein-releasing ABC transporter permease subunit LolC,,,,,,,,,
61651,Serratia ficaria,75027231,0,live,lolC,"CKW09_RS10350, SAMEA4384070_02072",lipoprotein-releasing ABC transporter permease subunit LolC,lipoprotein-releasing ABC transporter permease subunit LolC,,1,,,,,,,
137545,Serratia quinivorans,74950314,0,live,lolC,"EL336_RS10455, NCTC13188_02106",lipoprotein-releasing ABC transporter permease subunit LolC,lipoprotein-releasing ABC transporter permease subunit LolC,,1,,,,,,,
1219067,Vibrio natriegens NBRC 15636 = ATCC 14048 = DSM 759,70912841,0,live,lolC,"PN96_RS08640, PN96_08535",lipoprotein-releasing ABC transporter permease subunit LolC,lipoprotein-releasing ABC transporter permease subunit LolC,,1,,,,,,,
1109412,Brenneria goodwinii,70906257,0,live,lolC,"ACN28R_RS05710, AWC36_05615, AWC36_RS05740",lipoprotein-releasing ABC transporter permease subunit LolC,lipoprotein-releasing ABC transporter permease subunit LolC,,,,,,,,,
2026240,Klebsiella quasivariicola,69755997,0,live,lolC,"LGM30_RS16330, LGM30_16365",lipoprotein-releasing ABC transporter permease subunit LolC,lipoprotein-releasing ABC transporter permease subunit LolC,,,,,,,,,
666,Vibrio cholerae,69719486,0,live,lolC,"F0316_RS04835, F0316_04835",lipoprotein-releasing ABC transporter permease subunit LolC,lipoprotein-releasing ABC transporter permease subunit LolC,,1,,,,,,,
67827,Citrobacter werkmanii,69486315,0,live,lolC,"FOB24_RS11310, FOB24_11310",lipoprotein-releasing ABC transporter permease subunit LolC,lipoprotein-releasing ABC transporter permease subunit LolC,,,,,,,,,
55211,Erwinia persicina,67477171,0,live,lolC,"K6L24_RS13055, K6L24_13055",lipoprotein-releasing ABC transporter permease subunit LolC,lipoprotein-releasing ABC transporter permease subunit LolC,,,,,,,,,
59814,Pantoea dispersa,67452189,0,live,lolC,"K7H94_RS11160, K7H94_11160",lipoprotein-releasing ABC transporter permease subunit LolC,lipoprotein-releasing ABC transporter permease subunit LolC,,1,,,,,,,
680,Vibrio campbellii,67377933,0,live,lolC,"C1N50_RS11510, C1N50_11505",lipoprotein-releasing ABC transporter permease subunit LolC,lipoprotein-releasing ABC transporter permease subunit LolC,,1,,,,,,,
158877,Yokenella regensburgei,66903768,0,live,lolC,"C7387_RS08540, C7387_1740",lipoprotein-releasing ABC transporter permease subunit LolC,lipoprotein-releasing ABC transporter permease subunit LolC,,,,,,,,,
69218,Enterobacter cancerogenus,66611310,0,live,lolC,K3T75_RS09545,lipoprotein-releasing ABC transporter permease subunit LolC,lipoprotein-releasing ABC transporter permease subunit LolC,,,,,,,,,
1134687,Klebsiella michiganensis,66560417,0,live,lolC,"JLG71_RS16775, THOKLE011_32760",lipoprotein-releasing ABC transporter permease subunit LolC,lipoprotein-releasing ABC transporter permease subunit LolC,,,,,,,,,
1922217,Candidatus Erwinia haradaeae,66304804,0,live,lolC,"HACICURV3402_RS02625, E4U99_RS02625, ERCICURV3402_531",lipoprotein-releasing ABC transporter permease subunit LolC,lipoprotein-releasing ABC transporter permease subunit LolC,,1,,,,,,,
57706,Citrobacter braakii,66275007,0,live,lolC,"GFC06_RS18720, GFC06_18720",lipoprotein-releasing ABC transporter permease subunit LolC,lipoprotein-releasing ABC transporter permease subunit LolC,,,,,,,,,
689,Vibrio mediterranei,64086739,0,live,lolC,"HOP38_RS11055, HOP38_11055",lipoprotein-releasing ABC transporter permease subunit LolC,lipoprotein-releasing ABC transporter permease subunit LolC,,I,,,,,,,
1205683,Yersinia massiliensis CCUG 53443,61814269,0,live,lolC,"BN68_RS02820, BN68_02880",lipoprotein-releasing ABC transporter permease subunit LolC,lipoprotein-releasing ABC transporter permease subunit LolC,,,,,,,,,
61652,Serratia rubidaea,61765354,0,live,lolC,"I6G83_RS16240, I6G83_16240",lipoprotein-releasing ABC transporter permease subunit LolC,lipoprotein-releasing ABC transporter permease subunit LolC,,,,,,,,,
554,Pectobacterium carotovorum,61347662,0,live,lolC,"HER17_RS08780, HER17_08815",lipoprotein-releasing ABC transporter permease subunit LolC,lipoprotein-releasing ABC transporter permease subunit LolC,,,,,,,,,
66269,Pantoea stewartii,61254864,0,live,lolC,"G5574_RS21025, G5574_21025",lipoprotein-releasing ABC transporter permease subunit LolC,lipoprotein-releasing ABC transporter permease subunit LolC,,,,,,,,,
1172565,Lonsdalea populi,61121791,0,live,lolC,"I6N93_RS06750, I6N93_06750",lipoprotein-releasing ABC transporter permease subunit LolC,lipoprotein-releasing ABC transporter permease subunit LolC,,,,,,,,,
470934,Pantoea vagans,58738456,0,live,lolC,"EGO56_RS11615, EGO56_11615",lipoprotein-releasing ABC transporter permease subunit LolC,lipoprotein-releasing ABC transporter permease subunit LolC,,,,,,,,,
577,Raoultella terrigena,57505582,0,live,lolC,"HCK03_RS16705, HCK03_16700",lipoprotein-releasing ABC transporter permease subunit LolC,lipoprotein-releasing ABC transporter permease subunit LolC,,,,,,,,,
472694,Pantoea brenneri,57343503,0,live,lolC,"HZS23_RS00050, HZS23_00050",lipoprotein-releasing ABC transporter permease subunit LolC,lipoprotein-releasing ABC transporter permease subunit LolC,,,,,,,,,
126385,Providencia alcalifaciens,57293403,0,live,lolC,"CO695_RS12695, CO695_12695",lipoprotein-releasing ABC transporter permease subunit LolC,lipoprotein-releasing ABC transporter permease subunit LolC,,,,,,,,,
569,Hafnia alvei,56892257,0,live,lolC,"HBA19_RS12385, HBA19_12385",lipoprotein-releasing ABC transporter permease subunit LolC,lipoprotein-releasing ABC transporter permease subunit LolC,,,,,,,,,
28141,Cronobacter sakazakii,56731038,0,live,lolC,"CsakCS931_RS08090, CsakCS931_28295",lipoprotein-releasing ABC transporter permease subunit LolC,lipoprotein-releasing ABC transporter permease subunit LolC,,,,,,,,,
78398,Pectobacterium odoriferum,51389261,0,live,lolC,"EO763_RS09130, EO763_09260",lipoprotein-releasing ABC transporter permease subunit LolC,lipoprotein-releasing ABC transporter permease subunit LolC,,,,,,,,,
29494,Vibrio furnissii,50535071,0,live,lolC,"FIU11_RS07930, FIU11_07930",lipoprotein-releasing ABC transporter permease subunit LolC,lipoprotein-releasing ABC transporter permease subunit LolC,,1,,,,,,,
1280002,Vibrio jasicida 090810c,48228480,0,live,lolC,C1S73_RS05555,lipoprotein-releasing ABC transporter permease subunit LolC,lipoprotein-releasing ABC transporter permease subunit LolC,,1,,,,,,,
696485,Vibrio owensii,47098847,0,live,lolC,"A9237_RS03440, A9237_03440",lipoprotein-releasing ABC transporter permease subunit LolC,lipoprotein-releasing ABC transporter permease subunit LolC,,1,,,,,,,
290338,Citrobacter koseri ATCC BAA-895,45135917,0,live,lolC,"CKO_RS08215, CKO_01935",lipoprotein-releasing ABC transporter permease subunit LolC,lipoprotein-releasing ABC transporter permease subunit LolC,,,NC_009792.1,1809396,1810595,minus,0,,
150340,Vibrio antiquarius,45028185,0,live,lolC,"VEA_RS12200, VEA_003992",lipoprotein-releasing ABC transporter permease subunit LolC,lipoprotein-releasing ABC transporter permease subunit LolC,,1,NC_013456.1,2638058,2639266,minus,0,,
83655,Leclercia adecarboxylata,30333006,0,live,lolC,"APT61_RS13870, APT61_13870",lipoprotein-releasing ABC transporter permease subunit LolC,lipoprotein-releasing ABC transporter permease subunit LolC,,,,,,,,,
47917,Serratia fonticola,30322330,0,live,lolC,"WN53_RS19330, WN53_19335",lipoprotein-releasing ABC transporter permease subunit LolC,lipoprotein-releasing ABC transporter permease subunit LolC,,,,,,,,,
676,Vibrio fluvialis,29386121,0,live,lolC,"AL536_RS38180, AL536_15345",lipoprotein-releasing ABC transporter permease subunit LolC,lipoprotein-releasing ABC transporter permease subunit LolC,,2,,,,,,,
386585,Escherichia coli O157:H7 str. Sakai,912675,0,live,lolC,ECs_1494,lipoprotein-releasing system transmembrane protein,lipoprotein-releasing system transmembrane protein,,,NC_002695.2,1534693,1535892,plus,0,,
227377,Coxiella burnetii RSA 493,1208897,0,live,lolC,CBU_1001,lipoprotein releasing system transmembrane protein,,,,NC_002971.4,946684,947928,minus,0,,
871585,Acinetobacter pittii PHEA-2,11636568,0,live,lolC,BDGL_002049,"transport protein of outer membrane lipoproteins (ABC superfamily, membrane)",,,,NC_016603.1,2208686,2209831,minus,0,,
680026,Photobacterium swingsii,303971259,0,live,lolC,OCU77_RS06475,lipoprotein-releasing ABC transporter permease subunit LolC,lipoprotein-releasing ABC transporter permease subunit LolC,,1,,,,,,,
1074311,Vibrio alfacsensis,303981272,0,live,lolC,"VA249_RS09790, VYA_18450",lipoprotein-releasing ABC transporter permease subunit LolC,lipoprotein-releasing ABC transporter permease subunit LolC,,1,,,,,,,
212667,Vibrio fortis,303967154,0,live,lolC,OCV50_RS09220,lipoprotein-releasing ABC transporter permease subunit LolC,lipoprotein-releasing ABC transporter permease subunit LolC,,1,,,,,,,
312309,Aliivibrio fischeri ES114,54165786,0,live,lolC,"VF_RS15795, VFA0462, VF_A0462",lipoprotein-releasing ABC transporter permease subunit LolC,lipoprotein-releasing ABC transporter permease subunit LolC,,II,NC_006841.2,531125,532333,plus,0,,
550,Enterobacter cloacae,83573072,0,live,lolC,"LQ108_RS08800, AI2999V1_1707",lipoprotein-releasing ABC transporter permease subunit LolC,lipoprotein-releasing ABC transporter permease subunit LolC,,main,,,,,,,
615,Serratia marcescens,93696506,0,live,lolC,"QRD25_RS09655, QRD25_09655",lipoprotein-releasing ABC transporter permease subunit LolC,lipoprotein-releasing ABC transporter permease subunit LolC,,,,,,,,,
208962,Escherichia albertii,89515988,0,live,lolC,"PS053_RS01145, PS053_01145",lipoprotein-releasing ABC transporter permease subunit LolC,lipoprotein-releasing ABC transporter permease subunit LolC,,,,,,,,,
624,Shigella sonnei,93776292,0,live,lolC,C1P89_RS09760,lipoprotein-releasing ABC transporter permease subunit LolC,lipoprotein-releasing ABC transporter permease subunit LolC,,,,,,,,,
548,Klebsiella aerogenes,93311486,0,live,lolC,"I6L72_RS08760, I6L72_08760",lipoprotein-releasing ABC transporter permease subunit LolC,lipoprotein-releasing ABC transporter permease subunit LolC,,,,,,,,,
158836,Enterobacter hormaechei,93199907,0,live,lolC,"I6L63_RS12560, I6L63_12560",lipoprotein-releasing ABC transporter permease subunit LolC,lipoprotein-releasing ABC transporter permease subunit LolC,,,,,,,,,
2608867,Escherichia ruysiae,86863616,0,live,lolC,"RGV86_RS21530, RGV86_21530",lipoprotein-releasing ABC transporter permease subunit LolC,lipoprotein-releasing ABC transporter permease subunit LolC,,,,,,,,,
54291,Raoultella ornithinolytica,93754844,0,live,lolC,"Q1L34_RS16680, Q1L34_16675",lipoprotein-releasing ABC transporter permease subunit LolC,lipoprotein-releasing ABC transporter permease subunit LolC,,,,,,,,,
208224,Enterobacter kobei,93154800,0,live,lolC,"LCD42_RS08455, LCD42_08465",lipoprotein-releasing ABC transporter permease subunit LolC,lipoprotein-releasing ABC transporter permease subunit LolC,,,,,,,,,
3031799,Providencia hangzhouensis,92274610,0,live,lolC,"PZ638_RS09075, PZ638_09080",lipoprotein-releasing ABC transporter permease subunit LolC,lipoprotein-releasing ABC transporter permease subunit LolC,,,,,,,,,
634500,Erwinia billingiae Eb661,90511703,0,live,lolC,"EBC_RS10170, EbC_16740",lipoprotein-releasing ABC transporter permease subunit LolC,lipoprotein-releasing ABC transporter permease subunit LolC,,,NC_014306.1,1880457,1881656,plus,0,,
141679,Photorhabdus laumondii subsp. laumondii,48849077,0,live,lolC,"PluTT01m_RS14485, PluTT01m_14440",lipoprotein-releasing ABC transporter permease subunit LolC,lipoprotein-releasing ABC transporter permease subunit LolC,,,,,,,,,
930944,Yersinia enterocolitica subsp. palearctica Y11,31408703,0,live,lolC,"Y11_RS02575, Y11_05531",lipoprotein-releasing ABC transporter permease subunit LolC,lipoprotein-releasing ABC transporter permease subunit LolC,,,NC_017564.1,592648,593850,plus,0,,
406817,Xenorhabdus nematophila ATCC 19061,24905547,0,live,lolC,"XNC1_RS11355, XNC1_2720",lipoprotein-releasing ABC transporter permease subunit LolC,lipoprotein-releasing ABC transporter permease subunit LolC,,,NC_014228.1,2692657,2693859,minus,0,,
1235834,Kosakonia sacchari SP1,23845987,0,live,lolC,"C813_RS36530, C813_05460",lipoprotein-releasing ABC transporter permease subunit LolC,lipoprotein-releasing ABC transporter permease subunit LolC,,,,,,,,,
1051646,Vibrio tubiashii ATCC 19109,23444987,0,live,lolC,"IX91_RS09470, IX91_09665",lipoprotein-releasing ABC transporter permease subunit LolC,lipoprotein-releasing ABC transporter permease subunit LolC,,1,,,,,,,
571,Klebsiella oxytoca,93285441,0,live,lolC,"EL226_RS18125, NCTC13727_03592",lipoprotein-releasing ABC transporter permease subunit LolC,lipoprotein-releasing ABC transporter permease subunit LolC,,1,,,,,,,
546,Citrobacter freundii,87001673,0,live,lolC,JMV71_RS14480,lipoprotein-releasing ABC transporter permease subunit LolC,lipoprotein-releasing ABC transporter permease subunit LolC,,1,,,,,,,
1499973,Escherichia marmotae,86945987,0,live,lolC,"J8I93_RS08365, J8I93_08280",lipoprotein-releasing ABC transporter permease subunit LolC,lipoprotein-releasing ABC transporter permease subunit LolC,,,,,,,,,
633,Yersinia pseudotuberculosis,49785553,0,live,lolC,"EL213_RS07915, NCTC10275_01569",lipoprotein-releasing ABC transporter permease subunit LolC,lipoprotein-releasing ABC transporter permease subunit LolC,,1,,,,,,,
1219061,Vibrio vulnificus NBRC 15645 = ATCC 27562,93896281,0,live,lolC,"AOT11_RS11855, AOT11_18880",lipoprotein-releasing ABC transporter permease subunit LolC,lipoprotein-releasing ABC transporter permease subunit LolC,,1,,,,,,,
470931,Pantoea anthophila,93533519,0,live,lolC,"OJ965_RS13790, OJ965_13785",lipoprotein-releasing ABC transporter permease subunit LolC,lipoprotein-releasing ABC transporter permease subunit LolC,,,,,,,,,
588,Providencia stuartii,93518955,0,live,lolC,"VQ573_RS08565, VQ573_08565",lipoprotein-releasing ABC transporter permease subunit LolC,lipoprotein-releasing ABC transporter permease subunit LolC,,,,,,,,,
180434,Morganella morganii subsp. morganii,93359931,0,live,lolC,"EO986_RS06740, EO986_06745",lipoprotein-releasing ABC transporter permease subunit LolC,lipoprotein-releasing ABC transporter permease subunit LolC,,,,,,,,,
413502,Cronobacter turicensis,92806709,0,live,lolC,"AB8W27_RS12335, AB8W27_12350",lipoprotein-releasing ABC transporter permease subunit LolC,lipoprotein-releasing ABC transporter permease subunit LolC,,,,,,,,,
79967,Erwinia pyrifoliae,92236740,0,live,lolC,"CPI84_RS07990, CPI84_08045",lipoprotein-releasing ABC transporter permease subunit LolC,lipoprotein-releasing ABC transporter permease subunit LolC,,,,,,,,,
634,Yersinia bercovieri,89597249,0,live,lolC,"QJR59_RS11715, QJR59_11665",lipoprotein-releasing ABC transporter permease subunit LolC,lipoprotein-releasing ABC transporter permease subunit LolC,,,,,,,,,
1914243,Citrobacter europaeus,89549406,0,live,lolC,WHR59_RS14290,lipoprotein-releasing ABC transporter permease subunit LolC,lipoprotein-releasing ABC transporter permease subunit LolC,,,,,,,,,
885040,Enterobacter soli,88088950,0,live,lolC,"ENTAS_RS08435, Entas_1650",lipoprotein-releasing ABC transporter permease subunit LolC,lipoprotein-releasing ABC transporter permease subunit LolC,,,NC_015968.1,1792708,1793907,plus,0,,
2703793,Serratia bockelmannii,87005062,0,live,lolC,"QAO66_RS06155, QAO66_06155",lipoprotein-releasing ABC transporter permease subunit LolC,lipoprotein-releasing ABC transporter permease subunit LolC,,,,,,,,,
133448,Citrobacter youngae,83646170,0,live,lolC,"QRZ63_RS08955, QRZ63_08955",lipoprotein-releasing ABC transporter permease subunit LolC,lipoprotein-releasing ABC transporter permease subunit LolC,,,,,,,,,
673,Grimontia hollisae,58897477,0,live,lolC,"AL542_RS16315, AL542_16130",lipoprotein-releasing ABC transporter permease subunit LolC,lipoprotein-releasing ABC transporter permease subunit LolC,,1,,,,,,,
204038,Dickeya dadantii,55489568,0,live,lolC,CO076_RS13855,lipoprotein-releasing ABC transporter permease subunit LolC,lipoprotein-releasing ABC transporter permease subunit LolC,,,,,,,,,
561229,Dickeya chrysanthemi Ech1591,45079751,0,live,lolC,"DD1591_RS08260, Dd1591_1648",lipoprotein-releasing ABC transporter permease subunit LolC,lipoprotein-releasing ABC transporter permease subunit LolC,,,NC_012912.1,1878462,1879667,plus,0,,
1121869,Enterovibrio norvegicus DSM 15893,35870951,0,live,lolC,"BM082_RS12355, SAMN03084138_02471",lipoprotein-releasing ABC transporter permease subunit LolC,lipoprotein-releasing ABC transporter permease subunit LolC,,,,,,,,,
2027290,Providencia huaxiensis,89489838,0,live,lolC,V6066_RS08840,lipoprotein-releasing ABC transporter permease subunit LolC,lipoprotein-releasing ABC transporter permease subunit LolC,,,,,,,,,
1905730,Pectobacterium parmentieri,45848760,0,live,lolC,"A8F97_RS04720, A8F97_04715",lipoprotein-releasing ABC transporter permease subunit LolC,lipoprotein-releasing ABC transporter permease subunit LolC,,,,,,,,,
2923283,Providencia manganoxydans,92278824,0,live,lolC,"JI723_RS08890, JI723_08870",lipoprotein-releasing ABC transporter permease subunit LolC,lipoprotein-releasing ABC transporter permease subunit LolC,,,,,,,,,
638,Arsenophonus nasoniae,96877503,0,live,lolC,"ArsFIN_RS11420, ArsFIN_24620",lipoprotein-releasing ABC transporter permease subunit LolC,lipoprotein-releasing ABC transporter permease subunit LolC,,,,,,,,,
636,Edwardsiella tarda,93124450,0,live,lolC,"K8O98_RS11965, K8O98_11920",lipoprotein-releasing ABC transporter permease subunit LolC,lipoprotein-releasing ABC transporter permease subunit LolC,,,,,,,,,
1619313,Duffyella gerundensis,84613502,0,live,lolC,"J9874_RS09605, J9874_01922",lipoprotein-releasing ABC transporter permease subunit LolC,lipoprotein-releasing ABC transporter permease subunit LolC,,,,,,,,,
55601,Vibrio anguillarum,83859954,0,live,lolC,"DD616_RS10035, DD616_10170",lipoprotein-releasing ABC transporter permease subunit LolC,lipoprotein-releasing ABC transporter permease subunit LolC,,1,,,,,,,
552,Erwinia amylovora,97605804,0,live,lolC,ACFXQC_RS07635,lipoprotein-releasing ABC transporter permease subunit LolC,lipoprotein-releasing ABC transporter permease subunit LolC,,,,,,,,,
290112,Xenorhabdus szentirmaii,97124055,0,live,lolC,"Xszus_RS05725, Xszus_01192",lipoprotein-releasing ABC transporter permease subunit LolC,lipoprotein-releasing ABC transporter permease subunit LolC,,,,,,,,,
367190,Yersinia similis,96665958,0,live,lolC,"BF17_RS20580, BF17_21640",lipoprotein-releasing ABC transporter permease subunit LolC,lipoprotein-releasing ABC transporter permease subunit LolC,,,,,,,,,
2703885,Rahnella aceris,95416488,0,live,lolC,"MNO10_RS02750, MNO10_02750",lipoprotein-releasing ABC transporter permease subunit LolC,lipoprotein-releasing ABC transporter permease subunit LolC,,,,,,,,,
138074,Serratia symbiotica,93736204,0,live,lolC,"SYMBAF_RS06675, SYMBAF_06695",lipoprotein-releasing ABC transporter permease subunit LolC,lipoprotein-releasing ABC transporter permease subunit LolC,,,,,,,,,
2778550,Pectobacterium parvum,90770982,0,live,lolC,"LOZ86_RS09185, LOZ86_09185",lipoprotein-releasing ABC transporter permease subunit LolC,lipoprotein-releasing ABC transporter permease subunit LolC,,,,,,,,,
2029681,Photorhabdus bodei,88804875,0,live,lolC,"CKY02_RS03050, CKY02_03005",lipoprotein-releasing ABC transporter permease subunit LolC,lipoprotein-releasing ABC transporter permease subunit LolC,,,,,,,,,
333965,Providencia vermicola,88353118,0,live,lolC,KDJ85_RS05670,lipoprotein-releasing ABC transporter permease subunit LolC,lipoprotein-releasing ABC transporter permease subunit LolC,,,,,,,,,
58169,Rahnella inusitata,88080276,0,live,lolC,"I2123_RS09590, I2123_09580",lipoprotein-releasing ABC transporter permease subunit LolC,lipoprotein-releasing ABC transporter permease subunit LolC,,,,,,,,,
28151,Serratia proteamaculans,83698867,0,live,lolC,QOT07_RS10275,lipoprotein-releasing ABC transporter permease subunit LolC,lipoprotein-releasing ABC transporter permease subunit LolC,,EBP3064_c1,,,,,,,
42906,Serratia entomophila,75022315,0,live,lolC,"KHA73_RS10190, KHA73_10195",lipoprotein-releasing ABC transporter permease subunit LolC,lipoprotein-releasing ABC transporter permease subunit LolC,,,,,,,,,
29495,Vibrio navarrensis,43682725,0,live,lolC,"EA26_RS05740, EA26_05870",lipoprotein-releasing ABC transporter permease subunit LolC,lipoprotein-releasing ABC transporter permease subunit LolC,,,,,,,,,
673372,Vibrio casei,303188745,0,live,lolC,"CIK83_RS07410, CIK83_07410",lipoprotein-releasing ABC transporter permease subunit LolC,lipoprotein-releasing ABC transporter permease subunit LolC,,,,,,,,,
3020826,Serratia sarumanii,301145622,0,live,lolC,"VOT19_RS09690, VOT19_09690",lipoprotein-releasing ABC transporter permease subunit LolC,lipoprotein-releasing ABC transporter permease subunit LolC,,,,,,,,,
2703794,Serratia nevei,98187943,0,live,lolC,"V8N38_RS10275, V8N38_10275",lipoprotein-releasing ABC transporter permease subunit LolC,lipoprotein-releasing ABC transporter permease subunit LolC,,,,,,,,,
945550,Vibrio sinaloensis DSM 21326,95567788,0,live,lolC,"RH45_RS02725, VISI1226_19097",lipoprotein-releasing ABC transporter permease subunit LolC,lipoprotein-releasing ABC transporter permease subunit LolC,,,,,,,,,
170651,Vibrio neptunius,88755622,0,live,lolC,"TW84_RS04945, TW84_04945",lipoprotein-releasing ABC transporter permease subunit LolC,lipoprotein-releasing ABC transporter permease subunit LolC,,,,,,,,,
1639133,Citrobacter portucalensis,86976930,0,live,lolC,"LY264_RS15120, LY264_15115",lipoprotein-releasing ABC transporter permease subunit LolC,lipoprotein-releasing ABC transporter permease subunit LolC,,,,,,,,,
50719,Vibrio diabolicus,57841192,0,live,lolC,"FR741_RS10430, FR741_10815",lipoprotein-releasing ABC transporter permease subunit LolC,lipoprotein-releasing ABC transporter permease subunit LolC,,1,,,,,,,
575,Raoultella planticola,57429948,0,live,lolC,"MC50_RS18405, MC50_018405",lipoprotein-releasing ABC transporter permease subunit LolC,lipoprotein-releasing ABC transporter permease subunit LolC,,,,,,,,,
218493,Salmonella bongori NCTC 12419,44980075,0,live,lolC,"SBG_RS05500, SBG_1055",lipoprotein-releasing ABC transporter permease subunit LolC,lipoprotein-releasing ABC transporter permease subunit LolC,,,NC_015761.1,1165901,1167100,plus,0,,
1346614,Serratia liquefaciens ATCC 27592,29906328,0,live,lolC,"M495_RS09660, M495_09795",lipoprotein-releasing ABC transporter permease subunit LolC,lipoprotein-releasing ABC transporter permease subunit LolC,,,NC_021741.1,2064079,2065281,plus,0,,
1194427,Vibrio toranzoniae,300178864,0,live,lolC,OCU50_RS09135,lipoprotein-releasing ABC transporter permease subunit LolC,lipoprotein-releasing ABC transporter permease subunit LolC,,1,,,,,,,
2058152,Klebsiella grimontii,97395981,0,live,lolC,"ACE3MN_RS16140, ACE3MN_16140",lipoprotein-releasing ABC transporter permease subunit LolC,lipoprotein-releasing ABC transporter permease subunit LolC,,,,,,,,,
693153,Vibrio atlanticus,94233459,0,live,lolC,OCV30_RS10340,lipoprotein-releasing ABC transporter permease subunit LolC,lipoprotein-releasing ABC transporter permease subunit LolC,,1,,,,,,,
170673,Vibrio kanaloae,93965581,0,live,lolC,OCV24_RS05195,lipoprotein-releasing ABC transporter permease subunit LolC,lipoprotein-releasing ABC transporter permease subunit LolC,,1,,,,,,,
246167,Vibrio crassostreae,93899589,0,live,lolC,OC193_RS05510,lipoprotein-releasing ABC transporter permease subunit LolC,lipoprotein-releasing ABC transporter permease subunit LolC,,1,,,,,,,
1159613,Cronobacter muytjensii ATCC 51329,92213495,0,live,lolC,"AFK63_RS10790, AFK63_10810",lipoprotein-releasing ABC transporter permease subunit LolC,lipoprotein-releasing ABC transporter permease subunit LolC,,,,,,,,,
553239,Vibrio breoganii,77306017,0,live,lolC,OCU35_RS08270,lipoprotein-releasing ABC transporter permease subunit LolC,lipoprotein-releasing ABC transporter permease subunit LolC,,1,,,,,,,
1398493,Pseudocitrobacter faecalis,99807728,0,live,lolC,"IE167_RS07085, GCM10011445_14030",lipoprotein-releasing ABC transporter permease subunit LolC,lipoprotein-releasing ABC transporter permease subunit LolC,,,,,,,,,
574964,Rahnella variigena,302709325,0,live,lolC,"CKQ54_RS11000, CKQ54_10955",lipoprotein-releasing ABC transporter permease subunit LolC,lipoprotein-releasing ABC transporter permease subunit LolC,,,,,,,,,
1240404,Dickeya oryzae,302582536,0,live,lolC,"LF929_RS12665, LF929_012665",lipoprotein-releasing ABC transporter permease subunit LolC,lipoprotein-releasing ABC transporter permease subunit LolC,,,,,,,,,
55212,Erwinia rhapontici,99866022,0,live,lolC,"LJN55_RS08630, LJN55_08630",lipoprotein-releasing ABC transporter permease subunit LolC,lipoprotein-releasing ABC transporter permease subunit LolC,,,,,,,,,
1218112,Kluyvera cryocrescens NBRC 102467,99776484,0,live,lolC,KCR01S_RS04620,lipoprotein-releasing ABC transporter permease subunit LolC,lipoprotein-releasing ABC transporter permease subunit LolC,,,,,,,,,
1970738,Gilliamella apis,99745124,0,live,lolC,"RAM03_RS06970, RAM03_06970",lipoprotein-releasing ABC transporter permease subunit LolC,lipoprotein-releasing ABC transporter permease subunit LolC,,,,,,,,,
48408,Photobacterium leiognathi subsp. mandapamensis,99739535,0,live,lolC,"ACN08M_RS00710, ACN08M_00710",lipoprotein-releasing ABC transporter permease subunit LolC,lipoprotein-releasing ABC transporter permease subunit LolC,,1,,,,,,,
574096,Pantoea allii,99737462,0,live,lolC,"QNH99_RS13975, QNH99_13955",lipoprotein-releasing ABC transporter permease subunit LolC,lipoprotein-releasing ABC transporter permease subunit LolC,,,,,,,,,
3133180,Enterobacter intestinihominis,99705367,0,live,lolC,"ACN6BD_RS08335, ACN6BD_08335",lipoprotein-releasing ABC transporter permease subunit LolC,lipoprotein-releasing ABC transporter permease subunit LolC,,,,,,,,,
2725494,Kluyvera sichuanensis,98387881,0,live,lolC,"AB2B48_RS03015, AB2B48_03015",lipoprotein-releasing ABC transporter permease subunit LolC,lipoprotein-releasing ABC transporter permease subunit LolC,,,,,,,,,
71657,Lonsdalea quercina,97763945,0,live,lolC,"BLU64_RS05105, SAMN02982996_01031",lipoprotein-releasing ABC transporter permease subunit LolC,lipoprotein-releasing ABC transporter permease subunit LolC,,,,,,,,,
69220,Lelliottia nimipressuralis,97601247,0,live,lolC,"ACB496_RS08215, ACB496_08215",lipoprotein-releasing ABC transporter permease subunit LolC,lipoprotein-releasing ABC transporter permease subunit LolC,,,,,,,,,
28173,Vibrio nigripulchritudo,97541748,0,live,lolC,"QMG91_RS11440, TUMSATVNIG2_22300",lipoprotein-releasing ABC transporter permease subunit LolC,lipoprotein-releasing ABC transporter permease subunit LolC,,1,,,,,,,
2890318,Yersinia vastinensis,97455816,0,live,lolC,"ACIOG0_RS09075, ACIOG0_09075",lipoprotein-releasing ABC transporter permease subunit LolC,lipoprotein-releasing ABC transporter permease subunit LolC,,,,,,,,,
2497436,Enterobacter quasiroggenkampii,97444954,0,live,lolC,"V1572_RS11355, V1572_11335",lipoprotein-releasing ABC transporter permease subunit LolC,lipoprotein-releasing ABC transporter permease subunit LolC,,,,,,,,,
3050585,Lelliottia wanjuensis,97187296,0,live,lolC,"QQF30_RS17915, QQF30_17915",lipoprotein-releasing ABC transporter permease subunit LolC,lipoprotein-releasing ABC transporter permease subunit LolC,,,,,,,,,
379097,Vibrio sinaloensis,97174420,0,live,lolC,"ACFFVE_RS17270, ACFFVE_17265",lipoprotein-releasing ABC transporter permease subunit LolC,lipoprotein-releasing ABC transporter permease subunit LolC,,,,,,,,,
45658,Vibrio scophthalmi,96873381,0,live,lolC,"RJD38_RS12485, RJD38_12480",lipoprotein-releasing ABC transporter permease subunit LolC,lipoprotein-releasing ABC transporter permease subunit LolC,,1,,,,,,,
1763883,Vibrio cidicii,95679661,0,live,lolC,EWA64_RS13880,lipoprotein-releasing ABC transporter permease subunit LolC,lipoprotein-releasing ABC transporter permease subunit LolC,,1,,,,,,,
685,Vibrio diazotrophicus,94024180,0,live,lolC,AAGA51_RS05150,lipoprotein-releasing ABC transporter permease subunit LolC,lipoprotein-releasing ABC transporter permease subunit LolC,,1,,,,,,,
1481663,Vibrio metoecus,94013460,0,live,lolC,"QYQ96_RS05035, QYQ96_05035",lipoprotein-releasing ABC transporter permease subunit LolC,lipoprotein-releasing ABC transporter permease subunit LolC,,1,,,,,,,
2890316,Yersinia proxima,93969240,0,live,lolC,FTB31_RS02275,lipoprotein-releasing ABC transporter permease subunit LolC,lipoprotein-releasing ABC transporter permease subunit LolC,,,,,,,,,
674,Vibrio mimicus,93952413,0,live,lolC,"DYA86_RS05565, NCTC11435_01109",lipoprotein-releasing ABC transporter permease subunit LolC,lipoprotein-releasing ABC transporter permease subunit LolC,,,,,,,,,
190893,Vibrio coralliilyticus,93942608,0,live,lolC,"P6988_RS13660, P6988_13660",lipoprotein-releasing ABC transporter permease subunit LolC,lipoprotein-releasing ABC transporter permease subunit LolC,,1,,,,,,,
2943489,Xenorhabdus bovienii subsp. africana,93906693,0,live,lolC,"M5U04_RS03065, M5U04_03065",lipoprotein-releasing ABC transporter permease subunit LolC,lipoprotein-releasing ABC transporter permease subunit LolC,,,,,,,,,
587,Providencia rettgeri,93672893,0,live,lolC,"I6L80_RS10945, I6L80_10945",lipoprotein-releasing ABC transporter permease subunit LolC,lipoprotein-releasing ABC transporter permease subunit LolC,,,,,,,,,
1646377,Rouxiella badensis,93566706,0,live,lolC,"O1V65_RS11385, O1V65_11380",lipoprotein-releasing ABC transporter permease subunit LolC,lipoprotein-releasing ABC transporter permease subunit LolC,,,,,,,,,
56192,Photobacterium iliopiscarium,93547453,0,live,lolC,"C9J51_RS03740, C9J51_03740",lipoprotein-releasing ABC transporter permease subunit LolC,lipoprotein-releasing ABC transporter permease subunit LolC,,,,,,,,,
158850,Providencia rustigianii,93421556,0,live,lolC,"EL244_RS10330, NCTC8113_02091",lipoprotein-releasing ABC transporter permease subunit LolC,lipoprotein-releasing ABC transporter permease subunit LolC,,1,,,,,,,
85581,Photobacterium damselae subsp. damselae,93398022,0,live,lolC,"WAX86_RS08840, WAX86_08840",lipoprotein-releasing ABC transporter permease subunit LolC,lipoprotein-releasing ABC transporter permease subunit LolC,,1,,,,,,,
585,Proteus vulgaris,93394755,0,live,lolC,"N1711_RS11095, N1711_11095",lipoprotein-releasing ABC transporter permease subunit LolC,lipoprotein-releasing ABC transporter permease subunit LolC,,,,,,,,,
2488639,Pectobacterium versatile,93390689,0,live,lolC,"EIP93_RS13485, EIP93_13530",lipoprotein-releasing ABC transporter permease subunit LolC,lipoprotein-releasing ABC transporter permease subunit LolC,,,,,,,,,
61646,Lelliottia amnigena,93308715,0,live,lolC,"I6L74_RS16450, I6L74_16450",lipoprotein-releasing ABC transporter permease subunit LolC,lipoprotein-releasing ABC transporter permease subunit LolC,,,,,,,,,
2590157,Klebsiella variicola subsp. variicola,93273954,0,live,lolC,"LGN93_RS17005, LGN93_17005",lipoprotein-releasing ABC transporter permease subunit LolC,lipoprotein-releasing ABC transporter permease subunit LolC,,,,,,,,,
2797505,Enterobacter vonholyi,93265144,0,live,lolC,"AB3N39_RS08105, AB3N39_08105",lipoprotein-releasing ABC transporter permease subunit LolC,lipoprotein-releasing ABC transporter permease subunit LolC,,,,,,,,,
1463165,Klebsiella quasipneumoniae,93253385,0,live,lolC,"LA349_RS22510, LA349_22510",lipoprotein-releasing ABC transporter permease subunit LolC,lipoprotein-releasing ABC transporter permease subunit LolC,,,,,,,,,
2497875,Enterobacter chuandaensis,93245223,0,live,lolC,"MX657_RS09050, MX657_09040",lipoprotein-releasing ABC transporter permease subunit LolC,lipoprotein-releasing ABC transporter permease subunit LolC,,,,,,,,,
35703,Citrobacter amalonaticus,93032717,0,live,lolC,"LA348_RS05655, LA348_05655",lipoprotein-releasing ABC transporter permease subunit LolC,lipoprotein-releasing ABC transporter permease subunit LolC,,,,,,,,,
67824,Citrobacter farmeri,92973583,0,live,lolC,"I6L53_RS12745, I6L53_12745",lipoprotein-releasing ABC transporter permease subunit LolC,lipoprotein-releasing ABC transporter permease subunit LolC,,,,,,,,,
565,Atlantibacter hermannii,92828828,0,live,lolC,"I6G45_RS11190, I6G45_11190",lipoprotein-releasing ABC transporter permease subunit LolC,lipoprotein-releasing ABC transporter permease subunit LolC,,,,,,,,,
2529382,Enterobacter quasihormaechei,92385866,0,live,lolC,"E0L16_RS13850, E0L16_13850",lipoprotein-releasing ABC transporter permease subunit LolC,lipoprotein-releasing ABC transporter permease subunit LolC,,,,,,,,,
61648,Kluyvera intermedia,91973314,0,live,lolC,"GHC21_RS12935, GHC21_12935",lipoprotein-releasing ABC transporter permease subunit LolC,lipoprotein-releasing ABC transporter permease subunit LolC,,,,,,,,,
2108399,Pectobacterium punjabense,90763843,0,live,lolC,"E2566_RS12765, E2566_12875",lipoprotein-releasing ABC transporter permease subunit LolC,lipoprotein-releasing ABC transporter permease subunit LolC,,,,,,,,,
470933,Pantoea eucalypti,90521579,0,live,lolC,"EE896_RS12000, EE896_12000",lipoprotein-releasing ABC transporter permease subunit LolC,lipoprotein-releasing ABC transporter permease subunit LolC,,,,,,,,,
1908198,Salinivibrio kushneri,89609424,0,live,lolC,"O4546_RS07305, O4546_07305",lipoprotein-releasing ABC transporter permease subunit LolC,lipoprotein-releasing ABC transporter permease subunit LolC,,,,,,,,,
1516159,Vibrio coralliirubri,89592919,0,live,lolC,V7R44_RS13840,lipoprotein-releasing ABC transporter permease subunit LolC,lipoprotein-releasing ABC transporter permease subunit LolC,,,,,,,,,
650003,Vibrio paracholerae,89514728,0,live,lolC,"R4537_RS13515, R4537_13510",lipoprotein-releasing ABC transporter permease subunit LolC,lipoprotein-releasing ABC transporter permease subunit LolC,,1,,,,,,,
68334,Erwinia aphidicola,89472849,0,live,lolC,WFJ98_RS03460,lipoprotein-releasing ABC transporter permease subunit LolC,lipoprotein-releasing ABC transporter permease subunit LolC,,,,,,,,,
351672,Xenorhabdus griffiniae,88855435,0,live,lolC,"QL128_RS07715, QL128_07715",lipoprotein-releasing ABC transporter permease subunit LolC,lipoprotein-releasing ABC transporter permease subunit LolC,,,,,,,,,
566,Pseudescherichia vulneris,88814772,0,live,lolC,FN633_RS05780,lipoprotein-releasing ABC transporter permease subunit LolC,lipoprotein-releasing ABC transporter permease subunit LolC,,1,,,,,,,
2014742,Vibrio tarriae,88782710,0,live,lolC,"DLR62_RS00150, DLR62_00150",lipoprotein-releasing ABC transporter permease subunit LolC,lipoprotein-releasing ABC transporter permease subunit LolC,,,,,,,,,
51288,Kluyvera ascorbata,85162678,0,live,lolC,"MY052_RS14580, MY052_14580",lipoprotein-releasing ABC transporter permease subunit LolC,lipoprotein-releasing ABC transporter permease subunit LolC,,,,,,,,,
472693,Pantoea eucrina,84690998,0,live,lolC,"LAC65_RS06220, LAC65_06220",lipoprotein-releasing ABC transporter permease subunit LolC,lipoprotein-releasing ABC transporter permease subunit LolC,,,,,,,,,
255519,Atlantibacter subterraneus,84665461,0,live,lolC,"NLZ15_RS12555, NLZ15_12555",lipoprotein-releasing ABC transporter permease subunit LolC,lipoprotein-releasing ABC transporter permease subunit LolC,,,,,,,,,
665913,Mixta calida,84633956,0,live,lolC,FS650_RS18655,lipoprotein-releasing ABC transporter permease subunit LolC,lipoprotein-releasing ABC transporter permease subunit LolC,,,,,,,,,
1987580,Proteus columbae,84584127,0,live,lolC,CBE70_RS01045,lipoprotein-releasing ABC transporter permease subunit LolC,lipoprotein-releasing ABC transporter permease subunit LolC,,,,,,,,,
67826,Citrobacter sedlakii,84236374,0,live,lolC,"JY391_RS09920, JY391_09920",lipoprotein-releasing ABC transporter permease subunit LolC,lipoprotein-releasing ABC transporter permease subunit LolC,,,,,,,,,
2050967,Proteus faecis,83611129,0,live,lolC,"QSH13_RS01615, QSH13_01615",lipoprotein-releasing ABC transporter permease subunit LolC,lipoprotein-releasing ABC transporter permease subunit LolC,,,,,,,,,
669,Vibrio harveyi,83582404,0,live,lolC,"QMY49_RS09795, QMY49_09795",lipoprotein-releasing ABC transporter permease subunit LolC,lipoprotein-releasing ABC transporter permease subunit LolC,,I,,,,,,,
472695,Pantoea septica,78548907,0,live,lolC,FX113_RS10275,lipoprotein-releasing ABC transporter permease subunit LolC,lipoprotein-releasing ABC transporter permease subunit LolC,,,,,,,,,
539813,Enterobacter mori,72514290,0,live,lolC,"L6Y89_RS08390, L6Y89_08390",lipoprotein-releasing ABC transporter permease subunit LolC,lipoprotein-releasing ABC transporter permease subunit LolC,,,,,,,,,
29497,Vibrio splendidus,72396643,0,live,lolC,"LTQ54_RS03495, LTQ54_03495",lipoprotein-releasing ABC transporter permease subunit LolC,lipoprotein-releasing ABC transporter permease subunit LolC,,1,,,,,,,
1544694,Rosenbergiella epipactidis,71072724,0,live,lolC,"HGT71_RS00565, HGT71_00570",lipoprotein-releasing ABC transporter permease subunit LolC,lipoprotein-releasing ABC transporter permease subunit LolC,,,,,,,,,
675,Vibrio cincinnatiensis,70583932,0,live,lolC,"DX498_RS12800, NCTC12012_02602",lipoprotein-releasing ABC transporter permease subunit LolC,lipoprotein-releasing ABC transporter permease subunit LolC,,,,,,,,,
2023717,Photobacterium carnosum,69964481,0,live,lolC,"GLP24_RS06890, GLP24_06855",lipoprotein-releasing ABC transporter permease subunit LolC,lipoprotein-releasing ABC transporter permease subunit LolC,,,,,,,,,
703,Plesiomonas shigelloides,69706800,0,live,lolC,LPH35_RS15465,lipoprotein-releasing ABC transporter permease subunit LolC,lipoprotein-releasing ABC transporter permease subunit LolC,,1,,,,,,,
661,Photobacterium angustum,61228058,0,live,lolC,"C0W36_RS03125, C0W36_03110",lipoprotein-releasing ABC transporter permease subunit LolC,lipoprotein-releasing ABC transporter permease subunit LolC,,,,,,,,,
659,Photobacterium phosphoreum,57351933,0,live,lolC,"BTO21_RS03385, BTO21_03400",lipoprotein-releasing ABC transporter permease subunit LolC,lipoprotein-releasing ABC transporter permease subunit LolC,,,,,,,,,
511998,Aliivibrio finisterrensis,56275690,0,live,lolC,"ERW49_RS11545, ERW49_11545",lipoprotein-releasing ABC transporter permease subunit LolC,lipoprotein-releasing ABC transporter permease subunit LolC,,,,,,,,,
881260,Enterobacter bugandensis,48573273,0,live,lolC,DG357_RS08950,lipoprotein-releasing ABC transporter permease subunit LolC,lipoprotein-releasing ABC transporter permease subunit LolC,,I,,,,,,,
171439,Photorhabdus luminescens subsp. luminescens,45654256,0,live,lolC,"TI10_RS00070, TI10_00070",lipoprotein-releasing ABC transporter permease subunit LolC,lipoprotein-releasing ABC transporter permease subunit LolC,,,,,,,,,
1225786,Dickeya solani IPO 2222,43517098,0,live,lolC,"A4U42_RS00860, A4U42_00860",lipoprotein-releasing ABC transporter permease subunit LolC,lipoprotein-releasing ABC transporter permease subunit LolC,,,,,,,,,
318456,Photobacterium kishitanii,29943991,0,live,lolC,"PPBDW_RS10045, PPBDW_I21651",lipoprotein-releasing ABC transporter permease subunit LolC,lipoprotein-releasing ABC transporter permease subunit LolC,,,,,,,,,
